{"$schema":"http://schema.management.azure.com/schemas/2015-01-01/deploymentTemplate.json#","contentVersion":"1.0.0.0","parameters":{"factoryName":{"type":"string","metadata":"Data Factory name"},"LS_ADLS":{"type":"string"},"LS_API_loksabha_attendance":{"type":"string"}},"variables":{"factoryId":"[concat('Microsoft.DataFactory/factories/', parameters('factoryName'))]"},"resources":[{"name":"[concat(parameters('factoryName'), '/PL_LoadFilesToADLS')]","type":"Microsoft.DataFactory/factories/pipelines","apiVersion":"2018-06-01","properties":{"activities":[{"name":"load ministers data","type":"Until","dependsOn":[],"userProperties":[],"typeProperties":{"expression":{"value":"@equals(variables('retry'), false)","type":"Expression"},"activities":[{"name":"load members data into adls","type":"Copy","dependsOn":[],"policy":{"timeout":"0.12:00:00","retry":0,"retryIntervalInSeconds":30,"secureOutput":false,"secureInput":false},"userProperties":[],"typeProperties":{"source":{"type":"RestSource","httpRequestTimeout":"00:01:40","requestInterval":"00.00:00:00.010","requestMethod":"GET","paginationRules":{"supportRFC5988":"true"}},"sink":{"type":"ParquetSink","storeSettings":{"type":"AzureBlobFSWriteSettings"},"formatSettings":{"type":"ParquetWriteSettings"}},"enableStaging":false,"translator":{"type":"TabularTranslator","mappings":[{"source":{"path":"[['mpsno']"},"sink":{"name":"mpsno"}},{"source":{"path":"[['initial']"},"sink":{"name":"initial"}},{"source":{"path":"[['firstName']"},"sink":{"name":"firstName"}},{"source":{"path":"[['lastName']"},"sink":{"name":"lastName"}},{"source":{"path":"[['mpLastFirstName']"},"sink":{"name":"mpLastFirstName"}},{"source":{"path":"[['mpFirstLastName']"},"sink":{"name":"mpFirstLastName"}},{"source":{"path":"[['gender']"},"sink":{"name":"gender"}},{"source":{"path":"[['partyFname']"},"sink":{"name":"partyFname"}},{"source":{"path":"[['partySname']"},"sink":{"name":"partySname"}},{"source":{"path":"[['stateName']"},"sink":{"name":"stateName"}},{"source":{"path":"[['constName']"},"sink":{"name":"constName"}},{"source":{"path":"[['profession']"},"sink":{"name":"profession"}},{"source":{"path":"[['presentFaddr']"},"sink":{"name":"presentFaddr"}},{"source":{"path":"[['presentLaddr']"},"sink":{"name":"presentLaddr"}},{"source":{"path":"[['delhiPhone']"},"sink":{"name":"delhiPhone"}},{"source":{"path":"[['permanentFaddr']"},"sink":{"name":"permanentFaddr"}},{"source":{"path":"[['permanentLaddr']"},"sink":{"name":"permanentLaddr"}},{"source":{"path":"[['personalPhone']"},"sink":{"name":"personalPhone"}},{"source":{"path":"[['lastLoksabha']"},"sink":{"name":"lastLoksabha"}},{"source":{"path":"[['lsExpr']"},"sink":{"name":"lsExpr"}},{"source":{"path":"[['age']"},"sink":{"name":"age"}},{"source":{"path":"[['noOfTerms']"},"sink":{"name":"noOfTerms"}},{"source":{"path":"[['status']"},"sink":{"name":"status"}},{"source":{"path":"[['maritalStatus']"},"sink":{"name":"maritalStatus"}},{"source":{"path":"[['imageUrl']"},"sink":{"name":"imageUrl"}},{"source":{"path":"[['profileUrl']"},"sink":{"name":"profileUrl","type":"String"}},{"source":{"path":"[['dob']"},"sink":{"name":"dob"}},{"source":{"path":"[['numberOfSons']"},"sink":{"name":"numberOfSons"}},{"source":{"path":"[['numberOfDaughters']"},"sink":{"name":"numberOfDaughters"}},{"source":{"path":"[['qualification']"},"sink":{"name":"qualification"}},{"source":{"path":"[['freedom']"},"sink":{"name":"freedom"}},{"source":{"path":"[['profession2']"},"sink":{"name":"profession2"}},{"source":{"path":"[['categoryCode']"},"sink":{"name":"categoryCode"}},{"source":{"path":"[['createdAt']"},"sink":{"name":"createdAt"}},{"source":{"path":"[['updatedAt']"},"sink":{"name":"updatedAt"}}],"collectionReference":"$['membersDtoList']","mapComplexValuesToString":true}},"inputs":[{"referenceName":"DS_sansad_in_api","type":"DatasetReference","parameters":{"relative_path":"member"}}],"outputs":[{"referenceName":"DS_ADLS_Parquet","type":"DatasetReference","parameters":{"filename":"ministersdata.parquet"}}]},{"name":"Wait1","type":"Wait","dependsOn":[{"activity":"load members data into adls","dependencyConditions":["Failed"]}],"userProperties":[],"typeProperties":{"waitTimeInSeconds":5}},{"name":"Set variable1","type":"SetVariable","dependsOn":[{"activity":"load members data into adls","dependencyConditions":["Succeeded"]}],"policy":{"secureOutput":false,"secureInput":false},"userProperties":[],"typeProperties":{"variableName":"retry","value":false}}],"timeout":"0.12:00:00"}},{"name":"get lok sabha session dates","type":"ExecuteDataFlow","dependsOn":[{"activity":"load ministers data","dependencyConditions":["Succeeded"]}],"policy":{"timeout":"0.12:00:00","retry":0,"retryIntervalInSeconds":30,"secureOutput":false,"secureInput":false},"userProperties":[],"typeProperties":{"dataflow":{"referenceName":"DF_get_session_dates","type":"DataFlowReference","parameters":{"filename":{"value":"'@{'flat_session_dates.csv'}'","type":"Expression"}},"datasetParameters":{"source1":{"relative_path":"business/AllLoksabhaAndSessionDates"},"sink1":{"filename":"flat_session_dates.csv"}}},"staging":{},"compute":{"coreCount":8,"computeType":"General"},"traceLevel":"None","cacheSinks":{"firstRowOnly":true}}},{"name":"lookup the sessions dates","type":"Lookup","dependsOn":[{"activity":"get lok sabha session dates","dependencyConditions":["Succeeded"]}],"policy":{"timeout":"0.12:00:00","retry":0,"retryIntervalInSeconds":30,"secureOutput":false,"secureInput":false},"userProperties":[],"typeProperties":{"source":{"type":"DelimitedTextSource","storeSettings":{"type":"AzureBlobFSReadSettings","recursive":true,"enablePartitionDiscovery":false},"formatSettings":{"type":"DelimitedTextReadSettings"}},"dataset":{"referenceName":"DS_ADLS_CSV","type":"DatasetReference","parameters":{"filename":"flat_session_dates.csv"}},"firstRowOnly":false}},{"name":"iterating through each date","type":"ForEach","dependsOn":[{"activity":"lookup the sessions dates","dependencyConditions":["Succeeded"]}],"userProperties":[],"typeProperties":{"items":{"value":"@activity('lookup the sessions dates').output.value","type":"Expression"},"isSequential":true,"activities":[{"name":"load into adls","type":"Copy","dependsOn":[],"policy":{"timeout":"0.12:00:00","retry":0,"retryIntervalInSeconds":30,"secureOutput":false,"secureInput":false},"userProperties":[],"typeProperties":{"source":{"type":"RestSource","httpRequestTimeout":"00:01:40","requestInterval":"00.00:00:00.010","requestMethod":"GET","paginationRules":{"supportRFC5988":"true"}},"sink":{"type":"DelimitedTextSink","storeSettings":{"type":"AzureBlobFSWriteSettings"},"formatSettings":{"type":"DelimitedTextWriteSettings","quoteAllText":true,"fileExtension":".txt"}},"enableStaging":false},"inputs":[{"referenceName":"DS_sansad_in_api","type":"DatasetReference","parameters":{"relative_path":{"value":"@concat('member/getMemberAttendanceDateWise?loksabha=', item().loksabha, '&session=', item().sessionno, '&dateOfAttendance=', item().dates)","type":"Expression"}}}],"outputs":[{"referenceName":"DS_ADLS_CSV","type":"DatasetReference","parameters":{"filename":{"value":"@concat('loksabha=', item().loksabha, '/session=', item().sessionno, '/', replace(item().dates, '/', '_'), '.csv')","type":"Expression"}}}]},{"name":"load into adls retry1","type":"Copy","dependsOn":[{"activity":"Wait 5s","dependencyConditions":["Succeeded"]}],"policy":{"timeout":"0.12:00:00","retry":0,"retryIntervalInSeconds":30,"secureOutput":false,"secureInput":false},"userProperties":[],"typeProperties":{"source":{"type":"RestSource","httpRequestTimeout":"00:01:40","requestInterval":"00.00:00:00.010","requestMethod":"GET","paginationRules":{"supportRFC5988":"true"}},"sink":{"type":"DelimitedTextSink","storeSettings":{"type":"AzureBlobFSWriteSettings"},"formatSettings":{"type":"DelimitedTextWriteSettings","quoteAllText":true,"fileExtension":".txt"}},"enableStaging":false},"inputs":[{"referenceName":"DS_sansad_in_api","type":"DatasetReference","parameters":{"relative_path":{"value":"@concat('member/getMemberAttendanceDateWise?loksabha=', item().loksabha, '&session=', item().sessionno, '&dateOfAttendance=', item().dates)","type":"Expression"}}}],"outputs":[{"referenceName":"DS_ADLS_CSV","type":"DatasetReference","parameters":{"filename":{"value":"@concat('loksabha=', item().loksabha, '/session=', item().sessionno, '/', replace(item().dates, '/', '_'), '.csv')","type":"Expression"}}}]},{"name":"load into adls retry 2","type":"Copy","dependsOn":[{"activity":"Wait-2 5s","dependencyConditions":["Succeeded"]}],"policy":{"timeout":"0.12:00:00","retry":0,"retryIntervalInSeconds":30,"secureOutput":false,"secureInput":false},"userProperties":[],"typeProperties":{"source":{"type":"RestSource","httpRequestTimeout":"00:01:40","requestInterval":"00.00:00:00.010","requestMethod":"GET","paginationRules":{"supportRFC5988":"true"}},"sink":{"type":"DelimitedTextSink","storeSettings":{"type":"AzureBlobFSWriteSettings"},"formatSettings":{"type":"DelimitedTextWriteSettings","quoteAllText":true,"fileExtension":".txt"}},"enableStaging":false,"logSettings":{"enableCopyActivityLog":true,"copyActivityLogSettings":{"logLevel":"Warning","enableReliableLogging":true},"logLocationSettings":{"linkedServiceName":{"referenceName":"[parameters('LS_ADLS')]","type":"LinkedServiceReference"},"path":"container1/loksabha_files/errors"}}},"inputs":[{"referenceName":"DS_sansad_in_api","type":"DatasetReference","parameters":{"relative_path":{"value":"@concat('member/getMemberAttendanceDateWise?loksabha=', item().loksabha, '&session=', item().sessionno, '&dateOfAttendance=', item().dates)","type":"Expression"}}}],"outputs":[{"referenceName":"DS_ADLS_CSV","type":"DatasetReference","parameters":{"filename":{"value":"@concat('loksabha=', item().loksabha, '/session=', item().sessionno, '/', replace(item().dates, '/', '_'), '.csv')","type":"Expression"}}}]},{"name":"Wait 5s","type":"Wait","dependsOn":[{"activity":"load into adls","dependencyConditions":["Failed"]}],"userProperties":[],"typeProperties":{"waitTimeInSeconds":5}},{"name":"Wait-2 5s","type":"Wait","dependsOn":[{"activity":"load into adls retry1","dependencyConditions":["Failed"]}],"userProperties":[],"typeProperties":{"waitTimeInSeconds":5}},{"name":"error log","type":"Copy","dependsOn":[{"activity":"load into adls retry 2","dependencyConditions":["Failed"]}],"policy":{"timeout":"0.12:00:00","retry":0,"retryIntervalInSeconds":30,"secureOutput":false,"secureInput":false},"userProperties":[],"typeProperties":{"source":{"type":"DelimitedTextSource","additionalColumns":[{"name":"loksabha","value":{"value":"@item().loksabha","type":"Expression"}},{"name":"sessionno","value":{"value":"@item().sessionno","type":"Expression"}},{"name":"dates","value":{"value":"@item().dates","type":"Expression"}}],"storeSettings":{"type":"AzureBlobFSReadSettings","recursive":true,"enablePartitionDiscovery":false},"formatSettings":{"type":"DelimitedTextReadSettings"}},"sink":{"type":"DelimitedTextSink","storeSettings":{"type":"AzureBlobFSWriteSettings"},"formatSettings":{"type":"DelimitedTextWriteSettings","quoteAllText":true,"fileExtension":".txt"}},"enableStaging":false,"translator":{"type":"TabularTranslator","mappings":[{"source":{"name":"loksabha","type":"String"},"sink":{"name":"loksabha","type":"String","physicalType":"String"}},{"source":{"name":"sessionno","type":"String"},"sink":{"name":"sessionno","type":"String","physicalType":"String"}},{"source":{"name":"dates","type":"String"},"sink":{"name":"dates","type":"String","physicalType":"String"}}],"typeConversion":true,"typeConversionSettings":{"allowDataTruncation":true,"treatBooleanAsNumber":false}}},"inputs":[{"referenceName":"DS_ADLS_CSV","type":"DatasetReference","parameters":{"filename":"ministersdata.csv"}}],"outputs":[{"referenceName":"DS_ADLS_CSV","type":"DatasetReference","parameters":{"filename":"errors/errors.csv"}}]}]}}],"policy":{"elapsedTimeMetric":{}},"variables":{"retry":{"type":"Boolean","defaultValue":true},"session_dates":{"type":"String"},"loksabha":{"type":"String"},"sessions":{"type":"String"}},"annotations":[],"lastPublishTime":"2024-12-27T15:49:33Z"},"dependsOn":["[concat(variables('factoryId'), '/dataflows/DF_get_session_dates')]","[concat(variables('factoryId'), '/datasets/DS_ADLS_CSV')]","[concat(variables('factoryId'), '/datasets/DS_sansad_in_api')]","[concat(variables('factoryId'), '/datasets/DS_ADLS_Parquet')]"]},{"name":"[concat(parameters('factoryName'), '/DF_get_session_dates')]","type":"Microsoft.DataFactory/factories/dataflows","apiVersion":"2018-06-01","properties":{"type":"MappingDataFlow","typeProperties":{"sources":[{"dataset":{"referenceName":"DS_sansad_in_api","type":"DatasetReference"},"name":"source1"}],"sinks":[{"dataset":{"referenceName":"DS_ADLS_CSV","type":"DatasetReference"},"name":"sink1"}],"transformations":[{"name":"flatten1"},{"name":"derivedColumn1"}],"scriptLines":["parameters{","     filename as string","}","source(output(","          body as (loksabha as short, sessions as (dates as string[], sessionNo as short, sessionPeriod as string[])[]),","          headers as [string,string]","     ),","     allowSchemaDrift: true,","     validateSchema: false,","     httpMethod: 'GET',","     timeout: 30,","     requestInterval: 0,","     paginationRules: ['supportRFC5988' -> 'true'],","     responseFormat: ['type' -> 'json', 'documentForm' -> 'documentPerLine']) ~> source1","source1 foldDown(unroll(body.sessions.dates, body.sessions),","     mapColumn(","          loksabha = body.loksabha,","          sessionno = body.sessions.sessionNo,","          dates = body.sessions.dates","     ),","     skipDuplicateMapInputs: false,","     skipDuplicateMapOutputs: false) ~> flatten1","flatten1 derive(dates = toString(toDate(dates, 'dd/MM/yyyy'), 'yyyy/MM/dd')) ~> derivedColumn1","derivedColumn1 sink(allowSchemaDrift: true,","     validateSchema: false,","     partitionFileNames:[($filename)],","     umask: 0777,","     preCommands: [],","     postCommands: [],","     skipDuplicateMapInputs: true,","     skipDuplicateMapOutputs: true,","     saveOrder: 1,","     partitionBy('hash', 1)) ~> sink1"]}},"dependsOn":["[concat(variables('factoryId'), '/datasets/DS_sansad_in_api')]","[concat(variables('factoryId'), '/datasets/DS_ADLS_CSV')]"]},{"name":"[concat(parameters('factoryName'), '/DS_ADLS_CSV')]","type":"Microsoft.DataFactory/factories/datasets","apiVersion":"2018-06-01","properties":{"linkedServiceName":{"referenceName":"[parameters('LS_ADLS')]","type":"LinkedServiceReference"},"parameters":{"filename":{"type":"String"}},"annotations":[],"type":"DelimitedText","typeProperties":{"location":{"type":"AzureBlobFSLocation","fileName":{"value":"@dataset().filename","type":"Expression"},"folderPath":"loksabha_files","fileSystem":"container1"},"columnDelimiter":",","escapeChar":"\\","firstRowAsHeader":true,"quoteChar":"\""},"schema":[]},"dependsOn":[]},{"name":"[concat(parameters('factoryName'), '/DS_sansad_in_api')]","type":"Microsoft.DataFactory/factories/datasets","apiVersion":"2018-06-01","properties":{"linkedServiceName":{"referenceName":"[parameters('LS_API_loksabha_attendance')]","type":"LinkedServiceReference"},"parameters":{"relative_path":{"type":"String"}},"annotations":[],"type":"RestResource","typeProperties":{"relativeUrl":{"value":"@dataset().relative_path","type":"Expression"}},"schema":[]},"dependsOn":[]},{"name":"[concat(parameters('factoryName'), '/DS_ADLS_Parquet')]","type":"Microsoft.DataFactory/factories/datasets","apiVersion":"2018-06-01","properties":{"linkedServiceName":{"referenceName":"[parameters('LS_ADLS')]","type":"LinkedServiceReference"},"parameters":{"filename":{"type":"String"}},"annotations":[],"type":"Parquet","typeProperties":{"location":{"type":"AzureBlobFSLocation","fileName":{"value":"@dataset().filename","type":"Expression"},"fileSystem":"container1"},"compressionCodec":"snappy"},"schema":[{"name":"mpsno","type":"INT32"},{"name":"memberName","type":"UTF8"},{"name":"loksabha","type":"INT32"},{"name":"session","type":"INT32"},{"name":"date","type":"DATE"},{"name":"attendanceStatus","type":"UTF8"}]},"dependsOn":[]}]}